{
    "name": "root",
    "gauges": {
        "FSM.Policy.Entropy.mean": {
            "value": 1.755321741104126,
            "min": 1.755321741104126,
            "max": 1.759124517440796,
            "count": 8
        },
        "FSM.Policy.Entropy.sum": {
            "value": 17525.1328125,
            "min": 17163.77734375,
            "max": 17639.697265625,
            "count": 8
        },
        "FSM.Step.mean": {
            "value": 499975.0,
            "min": 429999.0,
            "max": 499975.0,
            "count": 8
        },
        "FSM.Step.sum": {
            "value": 499975.0,
            "min": 429999.0,
            "max": 499975.0,
            "count": 8
        },
        "FSM.Policy.ExtrinsicValueEstimate.mean": {
            "value": 0.08994783461093903,
            "min": 0.06269711256027222,
            "max": 0.15762543678283691,
            "count": 8
        },
        "FSM.Policy.ExtrinsicValueEstimate.sum": {
            "value": 14.031862258911133,
            "min": 9.843446731567383,
            "max": 24.589569091796875,
            "count": 8
        },
        "FSM.Environment.EpisodeLength.mean": {
            "value": 14682.0,
            "min": 4316.0,
            "max": 16466.0,
            "count": 4
        },
        "FSM.Environment.EpisodeLength.sum": {
            "value": 14682.0,
            "min": 4316.0,
            "max": 16466.0,
            "count": 4
        },
        "FSM.Environment.CumulativeReward.mean": {
            "value": 16.29399988311343,
            "min": -0.9960000196006149,
            "max": 19.3129998606164,
            "count": 4
        },
        "FSM.Environment.CumulativeReward.sum": {
            "value": 16.29399988311343,
            "min": -0.9960000196006149,
            "max": 19.3129998606164,
            "count": 4
        },
        "FSM.Policy.ExtrinsicReward.mean": {
            "value": 16.29399988311343,
            "min": -0.9960000196006149,
            "max": 19.3129998606164,
            "count": 4
        },
        "FSM.Policy.ExtrinsicReward.sum": {
            "value": 16.29399988311343,
            "min": -0.9960000196006149,
            "max": 19.3129998606164,
            "count": 4
        },
        "FSM.IsTraining.mean": {
            "value": 1.0,
            "min": 1.0,
            "max": 1.0,
            "count": 8
        },
        "FSM.IsTraining.sum": {
            "value": 1.0,
            "min": 1.0,
            "max": 1.0,
            "count": 8
        },
        "FSM.Losses.PolicyLoss.mean": {
            "value": 0.12052921360979478,
            "min": 0.08654116944720348,
            "max": 0.12052921360979478,
            "count": 7
        },
        "FSM.Losses.PolicyLoss.sum": {
            "value": 0.12052921360979478,
            "min": 0.08654116944720348,
            "max": 0.12052921360979478,
            "count": 7
        },
        "FSM.Losses.ValueLoss.mean": {
            "value": 0.005715230553566168,
            "min": 0.003899040036291505,
            "max": 0.006355961077012277,
            "count": 7
        },
        "FSM.Losses.ValueLoss.sum": {
            "value": 0.005715230553566168,
            "min": 0.003899040036291505,
            "max": 0.006355961077012277,
            "count": 7
        },
        "FSM.Policy.LearningRate.mean": {
            "value": 4.62309845900001e-06,
            "min": 4.62309845900001e-06,
            "max": 4.165508611499999e-05,
            "count": 7
        },
        "FSM.Policy.LearningRate.sum": {
            "value": 4.62309845900001e-06,
            "min": 4.62309845900001e-06,
            "max": 4.165508611499999e-05,
            "count": 7
        },
        "FSM.Policy.Epsilon.mean": {
            "value": 0.10154100000000003,
            "min": 0.10154100000000003,
            "max": 0.11388499999999997,
            "count": 7
        },
        "FSM.Policy.Epsilon.sum": {
            "value": 0.10154100000000003,
            "min": 0.10154100000000003,
            "max": 0.11388499999999997,
            "count": 7
        },
        "FSM.Policy.Beta.mean": {
            "value": 0.005000000000000001,
            "min": 0.005000000000000001,
            "max": 0.005000000000000001,
            "count": 7
        },
        "FSM.Policy.Beta.sum": {
            "value": 0.005000000000000001,
            "min": 0.005000000000000001,
            "max": 0.005000000000000001,
            "count": 7
        }
    },
    "metadata": {
        "timer_format_version": "0.1.0",
        "start_time_seconds": "1651348265",
        "python_version": "3.7.9 (tags/v3.7.9:13c94747c7, Aug 17 2020, 18:58:18) [MSC v.1900 64 bit (AMD64)]",
        "command_line_arguments": "C:\\Users\\Alistair\\Repos\\MainFighterGame\\PlatformFighter\\venv\\Scripts\\mlagents-learn config\\FSM_config.yaml --run-id=FSM --resume",
        "mlagents_version": "0.29.0",
        "mlagents_envs_version": "0.29.0",
        "communication_protocol_version": "1.5.0",
        "pytorch_version": "1.7.0+cu110",
        "numpy_version": "1.21.5",
        "end_time_seconds": "1651348883"
    },
    "total": 617.8430764999999,
    "count": 1,
    "self": 0.02391079999995327,
    "children": {
        "run_training.setup": {
            "total": 0.12387309999999996,
            "count": 1,
            "self": 0.12387309999999996
        },
        "TrainerController.start_learning": {
            "total": 617.6952926,
            "count": 1,
            "self": 1.6125375000048052,
            "children": {
                "TrainerController._reset_env": {
                    "total": 7.626154199999999,
                    "count": 1,
                    "self": 7.626154199999999
                },
                "TrainerController.advance": {
                    "total": 608.3261587999953,
                    "count": 79733,
                    "self": 1.764167900002576,
                    "children": {
                        "env_step": {
                            "total": 582.6512047000066,
                            "count": 79733,
                            "self": 297.0159133000132,
                            "children": {
                                "SubprocessEnvManager._take_step": {
                                    "total": 284.55624479999904,
                                    "count": 79733,
                                    "self": 5.578933200001359,
                                    "children": {
                                        "TorchPolicy.evaluate": {
                                            "total": 278.9773115999977,
                                            "count": 79733,
                                            "self": 117.90853189998899,
                                            "children": {
                                                "TorchPolicy.sample_actions": {
                                                    "total": 161.0687797000087,
                                                    "count": 79733,
                                                    "self": 161.0687797000087
                                                }
                                            }
                                        }
                                    }
                                },
                                "workers": {
                                    "total": 1.0790465999943475,
                                    "count": 79733,
                                    "self": 0.0,
                                    "children": {
                                        "worker_root": {
                                            "total": 609.1420760999947,
                                            "count": 79733,
                                            "is_parallel": true,
                                            "self": 392.103958299993,