{
    "name": "root",
    "gauges": {
        "FSM.Policy.Entropy.mean": {
            "value": 1.7438995838165283,
            "min": 1.6950839757919312,
            "max": 1.7508652210235596,
            "count": 22
        },
        "FSM.Policy.Entropy.sum": {
            "value": 17411.09375,
            "min": 4776.8212890625,
            "max": 17817.05859375,
            "count": 22
        },
        "FSM.Step.mean": {
            "value": 499979.0,
            "min": 289970.0,
            "max": 499979.0,
            "count": 22
        },
        "FSM.Step.sum": {
            "value": 499979.0,
            "min": 289970.0,
            "max": 499979.0,
            "count": 22
        },
        "FSM.Policy.ExtrinsicValueEstimate.mean": {
            "value": -0.016128553077578545,
            "min": -0.08702947199344635,
            "max": 0.08527559787034988,
            "count": 22
        },
        "FSM.Policy.ExtrinsicValueEstimate.sum": {
            "value": -2.516054391860962,
            "min": -7.4797563552856445,
            "max": 13.302992820739746,
            "count": 22
        },
        "FSM.IsTraining.mean": {
            "value": 1.0,
            "min": 1.0,
            "max": 1.0,
            "count": 22
        },
        "FSM.IsTraining.sum": {
            "value": 1.0,
            "min": 1.0,
            "max": 1.0,
            "count": 22
        },
        "FSM.Losses.PolicyLoss.mean": {
            "value": 0.12920219240089256,
            "min": 0.08973144389068087,
            "max": 0.1453383071348071,
            "count": 20
        },
        "FSM.Losses.PolicyLoss.sum": {
            "value": 0.12920219240089256,
            "min": 0.08973144389068087,
            "max": 0.1453383071348071,
            "count": 20
        },
        "FSM.Losses.ValueLoss.mean": {
            "value": 0.011776809959944028,
            "min": 0.0075451192984473895,
            "max": 0.013862726412480698,
            "count": 20
        },
        "FSM.Losses.ValueLoss.sum": {
            "value": 0.011776809959944028,
            "min": 0.0075451192984473895,
            "max": 0.013862726412480698,
            "count": 20
        },
        "FSM.Policy.LearningRate.mean": {
            "value": 3.929498690200015e-06,
            "min": 3.929498690200015e-06,
            "max": 0.00012137165954280001,
            "count": 20
        },
        "FSM.Policy.LearningRate.sum": {
            "value": 3.929498690200015e-06,
            "min": 3.929498690200015e-06,
            "max": 0.00012137165954280001,
            "count": 20
        },
        "FSM.Policy.Epsilon.mean": {
            "value": 0.10130980000000003,
            "min": 0.10130980000000003,
            "max": 0.14045720000000003,
            "count": 20
        },
        "FSM.Policy.Epsilon.sum": {
            "value": 0.10130980000000003,
            "min": 0.10130980000000003,
            "max": 0.14045720000000003,
            "count": 20
        },
        "FSM.Policy.Beta.mean": {
            "value": 0.005000000000000001,
            "min": 0.005000000000000001,
            "max": 0.005000000000000001,
            "count": 20
        },
        "FSM.Policy.Beta.sum": {
            "value": 0.005000000000000001,
            "min": 0.005000000000000001,
            "max": 0.005000000000000001,
            "count": 20
        },
        "FSM.Environment.EpisodeLength.mean": {
            "value": 1252.0,
            "min": 1252.0,
            "max": 23012.5,
            "count": 6
        },
        "FSM.Environment.EpisodeLength.sum": {
            "value": 1252.0,
            "min": 1252.0,
            "max": 46025.0,
            "count": 6
        },
        "FSM.Environment.CumulativeReward.mean": {
            "value": 0.01950399789348012,
            "min": -2.07977587550414,
            "max": 0.9163895861685205,
            "count": 6
        },
        "FSM.Environment.CumulativeReward.sum": {
            "value": 0.01950399789348012,
            "min": -4.15955175100828,
            "max": 1.832779172337041,
            "count": 6
        },
        "FSM.Policy.ExtrinsicReward.mean": {
            "value": 0.01950399789348012,
            "min": -2.07977587550414,
            "max": 0.9163895861685205,
            "count": 6
        },
        "FSM.Policy.ExtrinsicReward.sum": {
            "value": 0.01950399789348012,
            "min": -4.15955175100828,
            "max": 1.832779172337041,
            "count": 6
        }
    },
    "metadata": {
        "timer_format_version": "0.1.0",
        "start_time_seconds": "1651965504",
        "python_version": "3.7.9 (tags/v3.7.9:13c94747c7, Aug 17 2020, 18:58:18) [MSC v.1900 64 bit (AMD64)]",
        "command_line_arguments": "C:\\Users\\Alistair\\Repos\\MainFighterGame\\PlatformFighter\\venv\\Scripts\\mlagents-learn config\\FSM_config.yaml --run-id=FSM --time-scale=4 --resume",
        "mlagents_version": "0.29.0",
        "mlagents_envs_version": "0.29.0",
        "communication_protocol_version": "1.5.0",
        "pytorch_version": "1.7.0+cu110",
        "numpy_version": "1.21.5",
        "end_time_seconds": "1651966103"
    },
    "total": 599.5490199,
    "count": 1,
    "self": 0.025330599999961123,
    "children": {
        "run_training.setup": {
            "total": 0.12647969999999997,
            "count": 1,
            "self": 0.12647969999999997
        },
        "TrainerController.start_learning": {
            "total": 599.3972096,
            "count": 1,
            "self": 1.252662600002168,
            "children": {
                "TrainerController._reset_env": {
                    "total": 7.8034284,
                    "count": 1,
                    "self": 7.8034284
                },
                "TrainerController.advance": {
                    "total": 590.1629150999977,
                    "count": 53236,
                    "self": 1.4198186999948348,
                    "children": {
                        "env_step": {
                            "total": 528.064731399997,
                            "count": 53236,
                            "self": 330.5897096999985,
                            "children": {
                                "SubprocessEnvManager._take_step": {
                                    "total": 196.6725280999899,
                                    "count": 53236,
                                    "self": 4.617006599984734,
                                    "children": {
                                        "TorchPolicy.evaluate": {
                                            "total": 192.05552150000517,
                                            "count": 53236,
                                            "self": 77.3439550000088,
                                            "children": {
                                                "TorchPolicy.sample_actions": {
                                                    "total": 114.71156649999637,
                                                    "count": 53236,
                                                    "self": 114.71156649999637
                                                }
                                            }
                                        }
                                    }
                                },
                                "workers": {
                                    "total": 0.8024936000085372,
                                    "count": 53236,
                                    "self": 0.0,
                                    "children": {
                                        "worker_root": {
                                            "total": 591.4508719999994,
                                            "count": 53236,
                                            "is_parallel": true,
                                            "self": 327.2524634000058,