{
    "name": "root",
    "gauges": {
        "Imitation.Policy.Entropy.mean": {
            "value": 0.5533758997917175,
            "min": 0.37462878227233887,
            "max": 0.8385520577430725,
            "count": 7
        },
        "Imitation.Policy.Entropy.sum": {
            "value": 55293.3203125,
            "min": 6017.44970703125,
            "max": 69780.6796875,
            "count": 7
        },
        "Imitation.Step.mean": {
            "value": 549954.0,
            "min": 249974.0,
            "max": 549954.0,
            "count": 7
        },
        "Imitation.Step.sum": {
            "value": 549954.0,
            "min": 249974.0,
            "max": 549954.0,
            "count": 7
        },
        "Imitation.Policy.ExtrinsicValueEstimate.mean": {
            "value": 0.038500890135765076,
            "min": -0.13237382471561432,
            "max": 0.07024650275707245,
            "count": 7
        },
        "Imitation.Policy.ExtrinsicValueEstimate.sum": {
            "value": 30.300199508666992,
            "min": -7.015812873840332,
            "max": 55.635231018066406,
            "count": 7
        },
        "Imitation.Policy.GailValueEstimate.mean": {
            "value": 0.08656533807516098,
            "min": 0.0752481147646904,
            "max": 0.36474889516830444,
            "count": 7
        },
        "Imitation.Policy.GailValueEstimate.sum": {
            "value": 68.12692260742188,
            "min": 7.5866265296936035,
            "max": 287.422119140625,
            "count": 7
        },
        "Imitation.Losses.PolicyLoss.mean": {
            "value": 0.04336624652015693,
            "min": 0.04303143417152266,
            "max": 0.05125002856366336,
            "count": 7
        },
        "Imitation.Losses.PolicyLoss.sum": {
            "value": 1.9948473399272186,
            "min": 0.10250005712732672,
            "max": 2.018099301114368,
            "count": 7
        },
        "Imitation.Losses.ValueLoss.mean": {
            "value": 0.010225999997113619,
            "min": 0.006535799066127304,
            "max": 0.020536345522850753,
            "count": 7
        },
        "Imitation.Losses.ValueLoss.sum": {
            "value": 0.47039599986722647,
            "min": 0.041072691045701507,
            "max": 0.7057996856000197,
            "count": 7
        },
        "Imitation.Policy.LearningRate.mean": {
            "value": 0.0002684999648478413,
            "min": 0.0002684999648478413,
            "max": 0.00028508988497004,
            "count": 7
        },
        "Imitation.Policy.LearningRate.sum": {
            "value": 0.012350998383000699,
            "min": 0.00057017976994008,
            "max": 0.01290257735914098,
            "count": 7
        },
        "Imitation.Policy.Epsilon.mean": {
            "value": 0.18949998478260868,
            "min": 0.18949998478260868,
            "max": 0.19502996,
            "count": 7
        },
        "Imitation.Policy.Epsilon.sum": {
            "value": 8.7169993,
            "min": 0.39005992,
            "max": 8.90085902,
            "count": 7
        },
        "Imitation.Policy.Beta.mean": {
            "value": 0.00044854992543478253,
            "min": 0.00044854992543478253,
            "max": 0.00047564680399999996,
            "count": 7
        },
        "Imitation.Policy.Beta.sum": {
            "value": 0.020633296569999997,
            "min": 0.0009512936079999999,
            "max": 0.021534209197999997,
            "count": 7
        },
        "Imitation.Policy.GAILPolicyEstimate.mean": {
            "value": 0.06090507617530725,
            "min": 0.06090507617530725,
            "max": 0.24791542209233297,
            "count": 7
        },
        "Imitation.Policy.GAILPolicyEstimate.sum": {
            "value": 2.8016335040641334,
            "min": 0.2451119586825371,
            "max": 10.90827857206265,
            "count": 7
        },
        "Imitation.Policy.GAILExpertEstimate.mean": {
            "value": 0.9506266758493757,
            "min": 0.773659997207649,
            "max": 0.9506266758493757,
            "count": 7
        },
        "Imitation.Policy.GAILExpertEstimate.sum": {
            "value": 43.72882708907128,
            "min": 1.7655949314435322,
            "max": 43.72882708907128,
            "count": 7
        },
        "Imitation.Losses.GAILLoss.mean": {
            "value": 0.1292562065916001,
            "min": 0.1253311316266764,
            "max": 0.6198725959342536,
            "count": 7
        },
        "Imitation.Losses.GAILLoss.sum": {
            "value": 5.945785503213604,
            "min": 0.5370284150044123,
            "max": 27.27439422110716,
            "count": 7
        },
        "Imitation.Policy.GAILGradMagLoss.mean": {
            "value": 0.18886758012535132,
            "min": 0.15131302883821554,
            "max": 0.2658258284131686,
            "count": 7
        },
        "Imitation.Policy.GAILGradMagLoss.sum": {
            "value": 8.68790868576616,
            "min": 0.5316516568263372,
            "max": 9.980472002861402,
            "count": 7
        },
        "Imitation.Losses.PretrainingLoss.mean": {
            "value": 0.0,
            "min": 0.0,
            "max": 0.0,
            "count": 7
        },
        "Imitation.Losses.PretrainingLoss.sum": {
            "value": 0.0,
            "min": 0.0,
            "max": 0.0,
            "count": 7
        },
        "Imitation.IsTraining.mean": {
            "value": 1.0,
            "min": 1.0,
            "max": 1.0,
            "count": 7
        },
        "Imitation.IsTraining.sum": {
            "value": 1.0,
            "min": 1.0,
            "max": 1.0,
            "count": 7
        },
        "Imitation.Environment.EpisodeLength.mean": {
            "value": 2341.75,
            "min": 2336.3333333333335,
            "max": 9098.0,
            "count": 6
        },
        "Imitation.Environment.EpisodeLength.sum": {
            "value": 56202.0,
            "min": 18196.0,
            "max": 153782.0,
            "count": 6
        },
        "Imitation.Self-play.ELO.mean": {
            "value": 1193.9122292121785,
            "min": 1193.9122292121785,
            "max": 1198.0086179957034,
            "count": 6
        },
        "Imitation.Self-play.ELO.sum": {
            "value": 14326.946750546142,
            "min": 1198.0086179957034,
            "max": 25087.607629742277,
            "count": 6
        },
        "Imitation.Environment.CumulativeReward.mean": {
            "value": 0.0008546885798447571,
            "min": 0.0008546885798447571,
            "max": 3.1365727125221383,
            "count": 6
        },
        "Imitation.Environment.CumulativeReward.sum": {
            "value": 0.010256262958137086,
            "min": 0.010256262958137086,
            "max": 27.051439120587133,
            "count": 6
        },
        "Imitation.Policy.ExtrinsicReward.mean": {
            "value": 0.0008546885798447571,
            "min": 0.0008546885798447571,
            "max": 3.1365727125221383,
            "count": 6
        },
        "Imitation.Policy.ExtrinsicReward.sum": {
            "value": 0.010256262958137086,
            "min": 0.010256262958137086,
            "max": 27.051439120587133,
            "count": 6
        },
        "Imitation.Policy.GailReward.mean": {
            "value": 2.0108034109386304,
            "min": 1.8284961930295962,
            "max": 12.984800534322858,
            "count": 6
        },
        "Imitation.Policy.GailReward.sum": {
            "value": 24.129640931263566,
            "min": 11.396034523844719,
            "max": 181.78720748052,
            "count": 6
        }
    },
    "metadata": {
        "timer_format_version": "0.1.0",
        "start_time_seconds": "1652430970",
        "python_version": "3.7.9 (tags/v3.7.9:13c94747c7, Aug 17 2020, 18:58:18) [MSC v.1900 64 bit (AMD64)]",