{
    "name": "root",
    "gauges": {
        "Imitation.Policy.Entropy.mean": {
            "value": 0.09389278292655945,
            "min": 0.09389278292655945,
            "max": 1.3344405889511108,
            "count": 31
        },
        "Imitation.Policy.Entropy.sum": {
            "value": 9399.7939453125,
            "min": 9399.7939453125,
            "max": 133593.515625,
            "count": 31
        },
        "Imitation.Step.mean": {
            "value": 1549988.0,
            "min": 49970.0,
            "max": 1549988.0,
            "count": 31
        },
        "Imitation.Step.sum": {
            "value": 1549988.0,
            "min": 49970.0,
            "max": 1549988.0,
            "count": 31
        },
        "Imitation.Policy.ExtrinsicValueEstimate.mean": {
            "value": 0.0158150065690279,
            "min": -2.2481722831726074,
            "max": 0.5475540161132812,
            "count": 31
        },
        "Imitation.Policy.ExtrinsicValueEstimate.sum": {
            "value": 12.5887451171875,
            "min": -1778.30419921875,
            "max": 435.305419921875,
            "count": 31
        },
        "Imitation.Policy.GailValueEstimate.mean": {
            "value": -0.0778338834643364,
            "min": -0.2452949732542038,
            "max": 0.2758837342262268,
            "count": 31
        },
        "Imitation.Policy.GailValueEstimate.sum": {
            "value": -61.955772399902344,
            "min": -191.57537841796875,
            "max": 218.22402954101562,
            "count": 31
        },
        "Imitation.Losses.PolicyLoss.mean": {
            "value": 0.04512619043420325,
            "min": 0.04143921353101757,
            "max": 0.04829634049517625,
            "count": 31
        },
        "Imitation.Losses.PolicyLoss.sum": {
            "value": 2.07580475997335,
            "min": 1.69230474041154,
            "max": 2.2699280032732836,
            "count": 31
        },
        "Imitation.Losses.ValueLoss.mean": {
            "value": 0.004769959396158825,
            "min": 0.0009810521732499754,
            "max": 0.4541257115310335,
            "count": 31
        },
        "Imitation.Losses.ValueLoss.sum": {
            "value": 0.21941813222330595,
            "min": 0.04610945214274884,
            "max": 20.435657018896507,
            "count": 31
        },
        "Imitation.Policy.LearningRate.mean": {
            "value": 0.00020850024832601432,
            "min": 0.00020850024832601432,
            "max": 0.00029845950318016577,
            "count": 31
        },
        "Imitation.Policy.LearningRate.sum": {
            "value": 0.009591011422996659,
            "min": 0.009591011422996659,
            "max": 0.013747637157454317,
            "count": 31
        },
        "Imitation.Policy.Epsilon.mean": {
            "value": 0.16950007260869568,
            "min": 0.16950007260869568,
            "max": 0.19948650088888892,
            "count": 31
        },
        "Imitation.Policy.Epsilon.sum": {
            "value": 7.797003340000002,
            "min": 7.11766302,
            "max": 9.28254568,
            "count": 31
        },
        "Imitation.Policy.Beta.mean": {
            "value": 0.00035055035578260865,
            "min": 0.00035055035578260865,
            "max": 0.0004974838543555557,
            "count": 31
        },
        "Imitation.Policy.Beta.sum": {
            "value": 0.016125316366,
            "min": 0.016125316366,
            "max": 0.022924473831999994,
            "count": 31
        },
        "Imitation.Policy.GAILPolicyEstimate.mean": {
            "value": 0.014853507298993053,
            "min": 0.014853507298993053,
            "max": 0.37076830018510076,
            "count": 31
        },
        "Imitation.Policy.GAILPolicyEstimate.sum": {
            "value": 0.6832613357536804,
            "min": 0.6832613357536804,
            "max": 16.684573508329535,
            "count": 31
        },
        "Imitation.Policy.GAILExpertEstimate.mean": {
            "value": 0.9165982094363889,
            "min": 0.6248208306009743,
            "max": 0.9179862619291804,
            "count": 31
        },
        "Imitation.Policy.GAILExpertEstimate.sum": {
            "value": 42.16351763407389,
            "min": 25.753546473383903,
            "max": 43.14535431067148,
            "count": 31
        },
        "Imitation.Losses.GAILLoss.mean": {
            "value": 0.10587559768498159,
            "min": 0.10546092790756242,
            "max": 1.1076098609853673,
            "count": 31
        },
        "Imitation.Losses.GAILLoss.sum": {
            "value": 4.870277493509153,
            "min": 4.870277493509153,
            "max": 49.84244374434153,
            "count": 31
        },
        "Imitation.Policy.GAILGradMagLoss.mean": {
            "value": 0.0743122354372526,
            "min": 0.07123241521269623,
            "max": 3.3527257065254226,
            "count": 31
        },
        "Imitation.Policy.GAILGradMagLoss.sum": {
            "value": 3.4183628301136193,
            "min": 3.2766910997840264,
            "max": 150.872656793644,
            "count": 31
        },
        "Imitation.Losses.PretrainingLoss.mean": {
            "value": 0.0,
            "min": 0.0,
            "max": 0.0,
            "count": 31
        },
        "Imitation.Losses.PretrainingLoss.sum": {
            "value": 0.0,
            "min": 0.0,
            "max": 0.0,
            "count": 31
        },
        "Imitation.Environment.EpisodeLength.mean": {
            "value": 1393.3823529411766,
            "min": 1267.081081081081,
            "max": 9792.0,
            "count": 28
        },
        "Imitation.Environment.EpisodeLength.sum": {
            "value": 94750.0,
            "min": 19584.0,
            "max": 114962.0,
            "count": 28
        },
        "Imitation.Self-play.ELO.mean": {
            "value": 1125.788053063006,
            "min": 1125.788053063006,
            "max": 1199.0053451245496,
            "count": 28
        },
        "Imitation.Self-play.ELO.sum": {
            "value": 38276.7938041422,
            "min": 1186.1381800609847,
            "max": 44468.32074644486,
            "count": 28
        },
        "Imitation.Environment.CumulativeReward.mean": {
            "value": 0.12185439355349939,
            "min": -2.1671383708593095,
            "max": 11.372233862470125,
            "count": 28
        },
        "Imitation.Environment.CumulativeReward.sum": {
            "value": 4.143049380818979,
            "min": -30.339937192030334,
            "max": 75.39820742798702,
            "count": 28
        },
        "Imitation.Policy.ExtrinsicReward.mean": {
            "value": 0.12185439355349939,
            "min": -2.1671383708593095,
            "max": 11.372233862470125,
            "count": 28
        },
        "Imitation.Policy.ExtrinsicReward.sum": {
            "value": 4.143049380818979,
            "min": -30.339937192030334,
            "max": 75.39820742798702,
            "count": 28
        },
        "Imitation.Policy.GailReward.mean": {
            "value": 0.0,
            "min": 0.0,
            "max": 0.0,
            "count": 28
        },
        "Imitation.Policy.GailReward.sum": {
            "value": 0.0,
            "min": 0.0,
            "max": 0.0,
            "count": 28
        },
        "Imitation.IsTraining.mean": {
            "value": 1.0,
            "min": 1.0,
            "max": 1.0,
            "count": 31
        },
        "Imitation.IsTraining.sum": {
            "value": 1.0,
            "min": 1.0,
            "max": 1.0,
            "count": 31
        }
    },
    "metadata": {
        "timer_format_version": "0.1.0",
        "start_time_seconds": "1652017891",
        "python_version": "3.7.9 (tags/v3.7.9:13c94747c7, Aug 17 2020, 18:58:18) [MSC v.1900 64 bit (AMD64)]",