{
    "name": "root",
    "gauges": {
        "Fighter.Policy.Entropy.mean": {
            "value": 1.6091415882110596,
            "min": 1.6091415882110596,
            "max": 1.6091415882110596,
            "count": 1
        },
        "Fighter.Policy.Entropy.sum": {
            "value": 16192.7919921875,
            "min": 16192.7919921875,
            "max": 16192.7919921875,
            "count": 1
        },
        "Fighter.Step.mean": {
            "value": 9999.0,
            "min": 9999.0,
            "max": 9999.0,
            "count": 1
        },
        "Fighter.Step.sum": {
            "value": 9999.0,
            "min": 9999.0,
            "max": 9999.0,
            "count": 1
        },
        "Fighter.Policy.ExtrinsicValueEstimate.mean": {
            "value": -0.40701761841773987,
            "min": -0.40701761841773987,
            "max": -0.40701761841773987,
            "count": 1
        },
        "Fighter.Policy.ExtrinsicValueEstimate.sum": {
            "value": -64.30878448486328,
            "min": -64.30878448486328,
            "max": -64.30878448486328,
            "count": 1
        },
        "Fighter.Policy.GailValueEstimate.mean": {
            "value": 0.2028730809688568,
            "min": 0.2028730809688568,
            "max": 0.2028730809688568,
            "count": 1
        },
        "Fighter.Policy.GailValueEstimate.sum": {
            "value": 32.05394744873047,
            "min": 32.05394744873047,
            "max": 32.05394744873047,
            "count": 1
        },
        "Fighter.Environment.EpisodeLength.mean": {
            "value": 1017.5555555555555,
            "min": 1017.5555555555555,
            "max": 1017.5555555555555,
            "count": 1
        },
        "Fighter.Environment.EpisodeLength.sum": {
            "value": 9158.0,
            "min": 9158.0,
            "max": 9158.0,
            "count": 1
        },
        "Fighter.Environment.CumulativeReward.mean": {
            "value": -0.10185555283290644,
            "min": -0.10185555283290644,
            "max": -0.10185555283290644,
            "count": 1
        },
        "Fighter.Environment.CumulativeReward.sum": {
            "value": -0.916699975496158,
            "min": -0.916699975496158,
            "max": -0.916699975496158,
            "count": 1
        },
        "Fighter.Policy.ExtrinsicReward.mean": {
            "value": -0.10185555283290644,
            "min": -0.10185555283290644,
            "max": -0.10185555283290644,
            "count": 1
        },
        "Fighter.Policy.ExtrinsicReward.sum": {
            "value": -0.916699975496158,
            "min": -0.916699975496158,
            "max": -0.916699975496158,
            "count": 1
        },
        "Fighter.Policy.GailReward.mean": {
            "value": 370.41535104645624,
            "min": 370.41535104645624,
            "max": 370.41535104645624,
            "count": 1
        },
        "Fighter.Policy.GailReward.sum": {
            "value": 3333.738159418106,
            "min": 3333.738159418106,
            "max": 3333.738159418106,
            "count": 1
        },
        "Fighter.IsTraining.mean": {
            "value": 1.0,
            "min": 1.0,
            "max": 1.0,
            "count": 1
        },
        "Fighter.IsTraining.sum": {
            "value": 1.0,
            "min": 1.0,
            "max": 1.0,
            "count": 1
        }
    },
    "metadata": {
        "timer_format_version": "0.1.0",
        "start_time_seconds": "1649265063",
        "python_version": "3.8.10 (tags/v3.8.10:3d8993a, May  3 2021, 11:48:03) [MSC v.1928 64 bit (AMD64)]",
        "command_line_arguments": "C:\\Users\\perry\\Documents\\HackerManStuff\\Repos\\RacingGame\\RacingGame\\venv\\Scripts\\mlagents-learn config/imatation_config.yaml --run-id=new_fighter",
        "mlagents_version": "0.28.0",
        "mlagents_envs_version": "0.28.0",
        "communication_protocol_version": "1.5.0",
        "pytorch_version": "1.7.1+cu110",
        "numpy_version": "1.22.2",
        "end_time_seconds": "1649265185"
    },
    "total": 122.3768734,
    "count": 1,
    "self": 0.04554009999998243,
    "children": {
        "run_training.setup": {
            "total": 0.18197289999999988,
            "count": 1,
            "self": 0.18197289999999988
        },
        "TrainerController.start_learning": {
            "total": 122.1493604,
            "count": 1,
            "self": 0.2617997999997499,
            "children": {
                "TrainerController._reset_env": {
                    "total": 11.4856214,
                    "count": 1,
                    "self": 8.237084499999998,
                    "children": {
                        "demo_to_buffer": {
                            "total": 3.2485369000000013,
                            "count": 2,
                            "self": 0.00016520000000141977,
                            "children": {
                                "load_demonstration": {
                                    "total": 0.04378800000000105,
                                    "count": 2,
                                    "self": 0.04319600000000179,
                                    "children": {
                                        "read_file": {
                                            "total": 0.0005919999999992598,
                                            "count": 2,
                                            "self": 0.0005919999999992598
                                        }
                                    }
                                },
                                "make_demo_buffer": {
                                    "total": 3.204583699999999,
                                    "count": 2,
                                    "self": 0.5943833000000485,
                                    "children": {
                                        "steps_from_proto": {
                                            "total": 2.6102003999999503,
                                            "count": 17656,
                                            "self": 1.8908668999997857,
                                            "children": {
                                                "_process_rank_one_or_two_observation": {
                                                    "total": 0.7193335000001646,
                                                    "count": 35312,
                                                    "self": 0.7193335000001646
                                                }
                                            }
                                        }
                                    }
                                }
                            }
                        }
                    }
                },
                "TrainerController.advance": {
                    "total": 110.23989400000026,
                    "count": 10184,
                    "self": 0.2648318000000103,
                    "children": {
                        "env_step": {
                            "total": 101.02481579999936,
                            "count": 10184,
                            "self": 82.40220029999976,
                            "children": {
                                "SubprocessEnvManager._take_step": {
                                    "total": 18.4516326999992,
                                    "count": 10184,
                                    "self": 0.7662699999991496,
                                    "children": {
                                        "TorchPolicy.evaluate": {
                                            "total": 17.685362700000052,
                                            "count": 10184,
                                            "self": 3.881891600000996,