{
    "name": "root",
    "metadata": {
        "timer_format_version": "0.1.0",
        "start_time_seconds": "1649844637",
        "python_version": "3.8.10 (tags/v3.8.10:3d8993a, May  3 2021, 11:48:03) [MSC v.1928 64 bit (AMD64)]",
        "command_line_arguments": "C:\\Users\\perry\\Documents\\HackerManStuff\\Repos\\RacingGame\\RacingGame\\venv\\Scripts\\mlagents-learn config/imatation_config.yaml --run-id=new_fighter --force",
        "mlagents_version": "0.28.0",
        "mlagents_envs_version": "0.28.0",
        "communication_protocol_version": "1.5.0",
        "pytorch_version": "1.7.1+cu110",
        "numpy_version": "1.22.2",
        "end_time_seconds": "1649844721"
    },
    "total": 83.90890900000001,
    "count": 1,
    "self": 0.014870800000011286,
    "children": {
        "run_training.setup": {
            "total": 0.17839850000000013,
            "count": 1,
            "self": 0.17839850000000013
        },
        "TrainerController.start_learning": {
            "total": 83.7156397,
            "count": 1,
            "self": 0.018209399999975062,
            "children": {
                "TrainerController._reset_env": {
                    "total": 9.817741999999999,
                    "count": 1,
                    "self": 7.691657799999998,
                    "children": {
                        "demo_to_buffer": {
                            "total": 2.126084200000001,
                            "count": 2,
                            "self": 0.00016079999999973893,
                            "children": {
                                "load_demonstration": {
                                    "total": 0.033663900000000524,
                                    "count": 2,
                                    "self": 0.033224499999999324,
                                    "children": {
                                        "read_file": {
                                            "total": 0.00043940000000119994,
                                            "count": 2,
                                            "self": 0.00043940000000119994
                                        }
                                    }
                                },
                                "make_demo_buffer": {
                                    "total": 2.092259500000001,
                                    "count": 2,
                                    "self": 0.375557300000013,
                                    "children": {
                                        "steps_from_proto": {
                                            "total": 1.7167021999999879,
                                            "count": 11876,
                                            "self": 1.2461495999999403,
                                            "children": {
                                                "_process_rank_one_or_two_observation": {
                                                    "total": 0.4705526000000475,
                                                    "count": 23752,
                                                    "self": 0.4705526000000475
                                                }
                                            }
                                        }
                                    }
                                }
                            }
                        }
                    }
                },
                "TrainerController.advance": {
                    "total": 73.74115590000004,
                    "count": 751,
                    "self": 0.018531899999985058,
                    "children": {
                        "env_step": {
                            "total": 71.57455080000003,
                            "count": 751,
                            "self": 69.7307101,
                            "children": {
                                "SubprocessEnvManager._take_step": {
                                    "total": 1.8323346999999917,
                                    "count": 751,
                                    "self": 0.0933332999999621,
                                    "children": {
                                        "TorchPolicy.evaluate": {
                                            "total": 1.7390014000000296,
                                            "count": 1502,
                                            "self": 0.4332625000001329,
                                            "children": {
                                                "TorchPolicy.sample_actions": {
                                                    "total": 1.3057388999998967,
                                                    "count": 1502,
                                                    "self": 1.3057388999998967
                                                }
                                            }
                                        }
                                    }
                                },
                                "workers": {
                                    "total": 0.011506000000043315,
                                    "count": 750,
                                    "self": 0.0,
                                    "children": {
                                        "worker_root": {
                                            "total": 14.12574690000002,
                                            "count": 750,
                                            "is_parallel": true,
                                            "self": 7.416044600000005,
                                            "children": {
                                                "steps_from_proto": {
                                                    "total": 0.0009511999999993748,
                                                    "count": 2,
                                                    "is_parallel": true,
                                                    "self": 0.0005620999999997878,
                                                    "children": {
                                                        "_process_rank_one_or_two_observation": {
                                                            "total": 0.000389099999999587,
                                                            "count": 4,
                                                            "is_parallel": true,
                                                            "self": 0.000389099999999587
                                                        }
                                                    }
                                                },
                                                "UnityEnvironment.step": {
                                                    "total": 6.708751100000017,
                                                    "count": 750,
                                                    "is_parallel": true,
                                                    "self": 0.14479829999991445,
                                                    "children": {
                                                        "UnityEnvironment._generate_step_input": {
                                                            "total": 0.19962590000004,
                                                            "count": 750,
                                                            "is_parallel": true,
                                                            "self": 0.19962590000004
                                                        },
                                                        "communicator.exchange": {
                                                            "total": 5.804961400000037,
                                                            "count": 750,
                                                            "is_parallel": true,