{
    "name": "root",
    "metadata": {
        "timer_format_version": "0.1.0",
        "start_time_seconds": "1651131311",
        "python_version": "3.7.9 (tags/v3.7.9:13c94747c7, Aug 17 2020, 18:58:18) [MSC v.1900 64 bit (AMD64)]",
        "command_line_arguments": "C:\\Users\\Alistair\\Repos\\MainFighterGame\\PlatformFighter\\venv\\Scripts\\mlagents-learn config\\camera_config.yaml --run-id=Camera --force",
        "mlagents_version": "0.29.0",
        "mlagents_envs_version": "0.29.0",
        "communication_protocol_version": "1.5.0",
        "pytorch_version": "1.7.0+cu110",
        "numpy_version": "1.21.5",
        "end_time_seconds": "1651132218"
    },
    "total": 907.0938811,
    "count": 1,
    "self": 0.007424700000001394,
    "children": {
        "run_training.setup": {
            "total": 0.1123006000000002,
            "count": 1,
            "self": 0.1123006000000002
        },
        "TrainerController.start_learning": {
            "total": 906.9741558,
            "count": 1,
            "self": 0.7442701999932524,
            "children": {
                "TrainerController._reset_env": {
                    "total": 69.9598206,
                    "count": 1,
                    "self": 10.395662799999997,
                    "children": {
                        "demo_to_buffer": {
                            "total": 59.564157800000004,
                            "count": 2,
                            "self": 0.0003034999999940169,
                            "children": {
                                "load_demonstration": {
                                    "total": 0.3598315999999979,
                                    "count": 2,
                                    "self": 0.27902169999999415,
                                    "children": {
                                        "read_file": {
                                            "total": 0.08080990000000376,
                                            "count": 2,
                                            "self": 0.08080990000000376
                                        }
                                    }
                                },
                                "make_demo_buffer": {
                                    "total": 59.20402270000001,
                                    "count": 2,
                                    "self": 1.9647300000000527,
                                    "children": {
                                        "steps_from_proto": {
                                            "total": 57.23929269999996,
                                            "count": 39228,
                                            "self": 6.368394800000836,
                                            "children": {
                                                "_process_maybe_compressed_observation": {
                                                    "total": 50.87089789999912,
                                                    "count": 78456,
                                                    "self": 1.42758750000025,
                                                    "children": {
                                                        "_observation_to_np_array": {
                                                            "total": 49.44331039999887,
                                                            "count": 39228,
                                                            "self": 0.9797643000005465,
                                                            "children": {
                                                                "process_pixels": {
                                                                    "total": 48.463546099998325,
                                                                    "count": 39228,
                                                                    "self": 21.279868999997035,
                                                                    "children": {
                                                                        "image_decompress": {
                                                                            "total": 27.18367710000129,
                                                                            "count": 117684,
                                                                            "self": 27.18367710000129
                                                                        }
                                                                    }
                                                                }
                                                            }
                                                        }
                                                    }
                                                }
                                            }
                                        }
                                    }
                                }
                            }
                        }
                    }
                },
                "TrainerController.advance": {
                    "total": 815.7257678000068,
                    "count": 31217,
                    "self": 0.7955083000036893,
                    "children": {
                        "env_step": {
                            "total": 667.8031305000097,
                            "count": 31217,
                            "self": 463.42385620001113,
                            "children": {
                                "SubprocessEnvManager._take_step": {
                                    "total": 203.76683329999383,
                                    "count": 31217,
                                    "self": 4.758896399996814,
                                    "children": {
                                        "TorchPolicy.evaluate": {
                                            "total": 199.00793689999702,
                                            "count": 62434,
                                            "self": 65.59939759999509,
                                            "children": {
                                                "TorchPolicy.sample_actions": {
                                                    "total": 133.40853930000193,
                                                    "count": 62434,
                                                    "self": 133.40853930000193
                                                }
                                            }
                                        }
                                    }
                                },
                                "workers": {
                                    "total": 0.6124410000047789,
                                    "count": 31216,
                                    "self": 0.0,
                                    "children": {
                                        "worker_root": {
                                            "total": 813.2530415000044,
                                            "count": 31216,
                                            "is_parallel": true,
                                            "self": 459.0336081000005,
                                            "children": {
                                                "steps_from_proto": {
                                                    "total": 0.020300400000001773,
                                                    "count": 2,
                                                    "is_parallel": true,
                                                    "self": 0.0004676000000021219,
                                                    "children": {
                                                        "_process_maybe_compressed_observation": {
                                                            "total": 0.01983279999999965,