{
    "name": "root",
    "gauges": {
        "Fighter.Policy.Entropy.mean": {
            "value": 0.6971179246902466,
            "min": 0.6971179246902466,
            "max": 0.9209880232810974,
            "count": 3
        },
        "Fighter.Policy.Entropy.sum": {
            "value": 69661.6015625,
            "min": 25284.8046875,
            "max": 83446.2421875,
            "count": 3
        },
        "Fighter.Step.mean": {
            "value": 149940.0,
            "min": 49970.0,
            "max": 149940.0,
            "count": 3
        },
        "Fighter.Step.sum": {
            "value": 149940.0,
            "min": 49970.0,
            "max": 149940.0,
            "count": 3
        },
        "Fighter.Policy.ExtrinsicValueEstimate.mean": {
            "value": 0.08287788927555084,
            "min": -0.10158731043338776,
            "max": 0.08287788927555084,
            "count": 3
        },
        "Fighter.Policy.ExtrinsicValueEstimate.sum": {
            "value": 65.14202117919922,
            "min": -21.841272354125977,
            "max": 65.14202117919922,
            "count": 3
        },
        "Fighter.Policy.GailValueEstimate.mean": {
            "value": -0.007942108437418938,
            "min": -0.007942108437418938,
            "max": 3.83261775970459,
            "count": 3
        },
        "Fighter.Policy.GailValueEstimate.sum": {
            "value": -6.242497444152832,
            "min": -6.242497444152832,
            "max": 824.0128173828125,
            "count": 3
        },
        "Fighter.Losses.PolicyLoss.mean": {
            "value": 0.04316775264310921,
            "min": 0.04316775264310921,
            "max": 0.04365606319354982,
            "count": 3
        },
        "Fighter.Losses.PolicyLoss.sum": {
            "value": 2.028884374226133,
            "min": 0.5205571121380974,
            "max": 2.028884374226133,
            "count": 3
        },
        "Fighter.Losses.ValueLoss.mean": {
            "value": 0.009314204192578343,
            "min": 0.009314204192578343,
            "max": 0.6436367474573975,
            "count": 3
        },
        "Fighter.Losses.ValueLoss.sum": {
            "value": 0.4377675970511821,
            "min": 0.4377675970511821,
            "max": 7.723640969488771,
            "count": 3
        },
        "Fighter.Policy.LearningRate.mean": {
            "value": 0.0002925027599458893,
            "min": 0.0002925027599458893,
            "max": 0.00029740026586657834,
            "count": 3
        },
        "Fighter.Policy.LearningRate.sum": {
            "value": 0.013747629717456798,
            "min": 0.00356880319039894,
            "max": 0.013747629717456798,
            "count": 3
        },
        "Fighter.Policy.Epsilon.mean": {
            "value": 0.1975009191489362,
            "min": 0.1975009191489362,
            "max": 0.19913342166666667,
            "count": 3
        },
        "Fighter.Policy.Epsilon.sum": {
            "value": 9.282543200000001,
            "min": 2.38960106,
            "max": 9.282543200000001,
            "count": 3
        },
        "Fighter.Policy.Beta.mean": {
            "value": 0.0004877545038297873,
            "min": 0.0004877545038297873,
            "max": 0.0004957537661666666,
            "count": 3
        },
        "Fighter.Policy.Beta.sum": {
            "value": 0.022924461680000004,
            "min": 0.005949045193999999,
            "max": 0.022924461680000004,
            "count": 3
        },
        "Fighter.Policy.GAILPolicyEstimate.mean": {
            "value": 0.3049835653592508,
            "min": 0.3049835653592508,
            "max": 0.381649850971169,
            "count": 3
        },
        "Fighter.Policy.GAILPolicyEstimate.sum": {
            "value": 14.334227571884789,
            "min": 4.579798211654028,
            "max": 16.063368593653042,
            "count": 3
        },
        "Fighter.Policy.GAILExpertEstimate.mean": {
            "value": 0.6654402316673428,
            "min": 0.6024955842230054,
            "max": 0.6654402316673428,
            "count": 3
        },
        "Fighter.Policy.GAILExpertEstimate.sum": {
            "value": 31.27569088836511,
            "min": 7.2299470106760655,
            "max": 31.27569088836511,
            "count": 3
        },
        "Fighter.Losses.GAILLoss.mean": {
            "value": 0.8429178290121943,
            "min": 0.8429178290121943,
            "max": 1.131640945871671,
            "count": 3
        },
        "Fighter.Losses.GAILLoss.sum": {
            "value": 39.61713796357313,
            "min": 13.57969135046005,
            "max": 45.53601564466953,
            "count": 3
        },
        "Fighter.Policy.GAILGradMagLoss.mean": {
            "value": 0.17719662305733835,
            "min": 0.17719662305733835,
            "max": 0.3493214603513479,
            "count": 3
        },
        "Fighter.Policy.GAILGradMagLoss.sum": {
            "value": 8.328241283694902,
            "min": 4.191857524216175,
            "max": 9.713318126276135,
            "count": 3
        },
        "Fighter.Losses.PretrainingLoss.mean": {
            "value": 0.0,
            "min": 0.0,
            "max": 0.0,
            "count": 3
        },
        "Fighter.Losses.PretrainingLoss.sum": {
            "value": 0.0,
            "min": 0.0,
            "max": 0.0,
            "count": 3
        },
        "Fighter.Environment.EpisodeLength.mean": {
            "value": 3563.285714285714,
            "min": 1649.142857142857,
            "max": 3563.285714285714,
            "count": 3
        },
        "Fighter.Environment.EpisodeLength.sum": {
            "value": 99772.0,
            "min": 23088.0,
            "max": 102664.0,
            "count": 3
        },
        "Fighter.Self-play.ELO.mean": {
            "value": 1200.0,
            "min": 1200.0,
            "max": 1200.0,
            "count": 3
        },
        "Fighter.Self-play.ELO.sum": {
            "value": 16800.0,
            "min": 8400.0,
            "max": 21600.0,
            "count": 3
        },
        "Fighter.Environment.CumulativeReward.mean": {
            "value": 2.4029999878091206,
            "min": -0.1574285671979721,
            "max": 2.4029999878091206,
            "count": 3
        },
        "Fighter.Environment.CumulativeReward.sum": {
            "value": 33.64199982932769,
            "min": -1.1019999703858048,
            "max": 33.64199982932769,
            "count": 3
        },
        "Fighter.Policy.ExtrinsicReward.mean": {
            "value": 2.4029999878091206,
            "min": -0.1574285671979721,
            "max": 2.4029999878091206,
            "count": 3
        },
        "Fighter.Policy.ExtrinsicReward.sum": {
            "value": 33.64199982932769,
            "min": -1.1019999703858048,
            "max": 33.64199982932769,
            "count": 3
        },
        "Fighter.Policy.GailReward.mean": {
            "value": 0.0,
            "min": 0.0,
            "max": 0.0,
            "count": 3
        },
        "Fighter.Policy.GailReward.sum": {
            "value": 0.0,
            "min": 0.0,
            "max": 0.0,
            "count": 3
        },
        "Fighter.IsTraining.mean": {
            "value": 1.0,
            "min": 1.0,
            "max": 1.0,
            "count": 3
        },
        "Fighter.IsTraining.sum": {
            "value": 1.0,
            "min": 1.0,
            "max": 1.0,
            "count": 3
        }
    },
    "metadata": {
        "timer_format_version": "0.1.0",
        "start_time_seconds": "1651040888",
        "python_version": "3.7.9 (tags/v3.7.9:13c94747c7, Aug 17 2020, 18:58:18) [MSC v.1900 64 bit (AMD64)]",
        "command_line_arguments": "C:\\Users\\Alistair\\Repos\\MainFighterGame\\PlatformFighter\\venv\\Scripts\\mlagents-learn config\\imatation_config.yaml --run-id=Fighter --resume",
        "mlagents_version": "0.29.0",