{
    "name": "root",
    "gauges": {
        "Fighter.Policy.Entropy.mean": {
            "value": 1.6003384590148926,
            "min": 1.6003384590148926,
            "max": 1.6088249683380127,
            "count": 4
        },
        "Fighter.Policy.Entropy.sum": {
            "value": 32035.57421875,
            "min": 32035.57421875,
            "max": 32205.458984375,
            "count": 4
        },
        "Fighter.Step.mean": {
            "value": 39976.0,
            "min": 9945.0,
            "max": 39976.0,
            "count": 4
        },
        "Fighter.Step.sum": {
            "value": 39976.0,
            "min": 9945.0,
            "max": 39976.0,
            "count": 4
        },
        "Fighter.Policy.ExtrinsicValueEstimate.mean": {
            "value": -0.20231661200523376,
            "min": -0.20231661200523376,
            "max": 0.1629682034254074,
            "count": 4
        },
        "Fighter.Policy.ExtrinsicValueEstimate.sum": {
            "value": -35.20309066772461,
            "min": -35.20309066772461,
            "max": 28.193498611450195,
            "count": 4
        },
        "Fighter.Environment.EpisodeLength.mean": {
            "value": 515.6842105263158,
            "min": 515.65,
            "max": 515.6842105263158,
            "count": 4
        },
        "Fighter.Environment.EpisodeLength.sum": {
            "value": 19596.0,
            "min": 19596.0,
            "max": 20626.0,
            "count": 4
        },
        "Fighter.Self-play.ELO.mean": {
            "value": 1180.2621807447,
            "min": 1180.2621807447,
            "max": 1195.7427429322645,
            "count": 4
        },
        "Fighter.Self-play.ELO.sum": {
            "value": 22424.981434149297,
            "min": 22424.981434149297,
            "max": 23674.914734912054,
            "count": 4
        },
        "Fighter.Environment.CumulativeReward.mean": {
            "value": -5.17337028584198,
            "min": -5.278371327017483,
            "max": -5.144851570262721,
            "count": 4
        },
        "Fighter.Environment.CumulativeReward.sum": {
            "value": -98.29403543099761,
            "min": -103.2300599180162,
            "max": -97.7521798349917,
            "count": 4
        },
        "Fighter.Policy.ExtrinsicReward.mean": {
            "value": -5.17337028584198,
            "min": -5.278371327017483,
            "max": -5.144851570262721,
            "count": 4
        },
        "Fighter.Policy.ExtrinsicReward.sum": {
            "value": -98.29403543099761,
            "min": -103.2300599180162,
            "max": -97.7521798349917,
            "count": 4
        },
        "Fighter.Losses.PolicyLoss.mean": {
            "value": 0.18136598826386036,
            "min": 0.1765050707074503,
            "max": 0.191783224294583,
            "count": 4
        },
        "Fighter.Losses.PolicyLoss.sum": {
            "value": 0.18136598826386036,
            "min": 0.1765050707074503,
            "max": 0.191783224294583,
            "count": 4
        },
        "Fighter.Losses.ValueLoss.mean": {
            "value": 0.003982130189736684,
            "min": 0.003982130189736684,
            "max": 0.022239749350895486,
            "count": 4
        },
        "Fighter.Losses.ValueLoss.sum": {
            "value": 0.003982130189736684,
            "min": 0.003982130189736684,
            "max": 0.022239749350895486,
            "count": 4
        },
        "Fighter.Policy.LearningRate.mean": {
            "value": 0.0002777976074007999,
            "min": 0.0002777976074007999,
            "max": 0.00029442240185919996,
            "count": 4
        },
        "Fighter.Policy.LearningRate.sum": {
            "value": 0.0002777976074007999,
            "min": 0.0002777976074007999,
            "max": 0.00029442240185919996,
            "count": 4
        },
        "Fighter.Policy.Epsilon.mean": {
            "value": 0.19259920000000003,
            "min": 0.19259920000000003,
            "max": 0.1981408,
            "count": 4
        },
        "Fighter.Policy.Epsilon.sum": {
            "value": 0.19259920000000003,
            "min": 0.19259920000000003,
            "max": 0.1981408,
            "count": 4
        },
        "Fighter.Policy.Beta.mean": {
            "value": 0.005000000000000001,
            "min": 0.005000000000000001,
            "max": 0.005000000000000001,
            "count": 4
        },
        "Fighter.Policy.Beta.sum": {
            "value": 0.005000000000000001,
            "min": 0.005000000000000001,
            "max": 0.005000000000000001,
            "count": 4
        },
        "Fighter.IsTraining.mean": {
            "value": 1.0,
            "min": 1.0,
            "max": 1.0,
            "count": 4
        },
        "Fighter.IsTraining.sum": {
            "value": 1.0,
            "min": 1.0,
            "max": 1.0,
            "count": 4
        }
    },
    "metadata": {
        "timer_format_version": "0.1.0",
        "start_time_seconds": "1648989003",
        "python_version": "3.8.10 (tags/v3.8.10:3d8993a, May  3 2021, 11:48:03) [MSC v.1928 64 bit (AMD64)]",
        "command_line_arguments": "C:\\Users\\perry\\Documents\\HackerManStuff\\Repos\\RacingGame\\RacingGame\\venv\\Scripts\\mlagents-learn config/Fighter_config.yaml --run-id=Fighter --force",
        "mlagents_version": "0.28.0",
        "mlagents_envs_version": "0.28.0",
        "communication_protocol_version": "1.5.0",
        "pytorch_version": "1.7.1+cu110",
        "numpy_version": "1.22.2",
        "end_time_seconds": "1648989595"
    },
    "total": 591.4214644000001,
    "count": 1,
    "self": 10.008597300000133,
    "children": {
        "run_training.setup": {
            "total": 0.19405099999999997,
            "count": 1,
            "self": 0.19405099999999997
        },
        "TrainerController.start_learning": {
            "total": 581.2188161,
            "count": 1,
            "self": 1.3447383999947533,
            "children": {
                "TrainerController._reset_env": {
                    "total": 6.9544418,
                    "count": 1,
                    "self": 6.9544418
                },
                "TrainerController.advance": {
                    "total": 572.3731594000053,
                    "count": 43650,
                    "self": 1.2561232000022073,
                    "children": {
                        "env_step": {
                            "total": 538.4070425999972,
                            "count": 43650,
                            "self": 376.0342130999956,
                            "children": {
                                "SubprocessEnvManager._take_step": {
                                    "total": 161.51771199999973,
                                    "count": 43651,
                                    "self": 7.1886322999964705,
                                    "children": {
                                        "TorchPolicy.evaluate": {
                                            "total": 154.32907970000326,
                                            "count": 85518,
                                            "self": 32.161738300005624,
                                            "children": {
                                                "TorchPolicy.sample_actions": {
                                                    "total": 122.16734139999764,
                                                    "count": 85518,
                                                    "self": 122.16734139999764
                                                }
                                            }
                                        }
                                    }
                                },
                                "workers": {
                                    "total": 0.8551175000018922,
                                    "count": 43649,