{
    "name": "root",
    "gauges": {
        "Fighter.Policy.Entropy.mean": {
            "value": 0.9462317824363708,
            "min": 0.9462317824363708,
            "max": 1.3016659021377563,
            "count": 3
        },
        "Fighter.Policy.Entropy.sum": {
            "value": 94696.984375,
            "min": 94696.984375,
            "max": 130234.2734375,
            "count": 3
        },
        "Fighter.Step.mean": {
            "value": 149976.0,
            "min": 49962.0,
            "max": 149976.0,
            "count": 3
        },
        "Fighter.Step.sum": {
            "value": 149976.0,
            "min": 49962.0,
            "max": 149976.0,
            "count": 3
        },
        "Fighter.Policy.ExtrinsicValueEstimate.mean": {
            "value": -0.011431543156504631,
            "min": -0.09151576459407806,
            "max": 0.006765877362340689,
            "count": 3
        },
        "Fighter.Policy.ExtrinsicValueEstimate.sum": {
            "value": -9.030919075012207,
            "min": -72.29745483398438,
            "max": 5.345043182373047,
            "count": 3
        },
        "Fighter.Policy.GailValueEstimate.mean": {
            "value": 4.081641674041748,
            "min": 2.779024362564087,
            "max": 4.081641674041748,
            "count": 3
        },
        "Fighter.Policy.GailValueEstimate.sum": {
            "value": 3224.496826171875,
            "min": 2195.42919921875,
            "max": 3224.496826171875,
            "count": 3
        },
        "Fighter.Losses.PolicyLoss.mean": {
            "value": 0.0464390653882387,
            "min": 0.0413134840053027,
            "max": 0.0464390653882387,
            "count": 3
        },
        "Fighter.Losses.PolicyLoss.sum": {
            "value": 2.182636073247219,
            "min": 1.9004202642439243,
            "max": 2.182636073247219,
            "count": 3
        },
        "Fighter.Losses.ValueLoss.mean": {
            "value": 0.26169503604702604,
            "min": 0.26169503604702604,
            "max": 0.7586951546060545,
            "count": 3
        },
        "Fighter.Losses.ValueLoss.sum": {
            "value": 12.299666694210224,
            "min": 12.299666694210224,
            "max": 34.899977111878506,
            "count": 3
        },
        "Fighter.Policy.LearningRate.mean": {
            "value": 0.0002925138484528315,
            "min": 0.0002925138484528315,
            "max": 0.0002984846157225196,
            "count": 3
        },
        "Fighter.Policy.LearningRate.sum": {
            "value": 0.013748150877283078,
            "min": 0.013593742388752557,
            "max": 0.013748150877283078,
            "count": 3
        },
        "Fighter.Policy.Epsilon.mean": {
            "value": 0.1975046153191489,
            "min": 0.1975046153191489,
            "max": 0.19949487173913044,
            "count": 3
        },
        "Fighter.Policy.Epsilon.sum": {
            "value": 9.282716919999999,
            "min": 9.13124744,
            "max": 9.282716919999999,
            "count": 3
        },
        "Fighter.Policy.Beta.mean": {
            "value": 0.0004877726150638298,
            "min": 0.0004877726150638298,
            "max": 0.0004975248715217392,
            "count": 3
        },
        "Fighter.Policy.Beta.sum": {
            "value": 0.022925312908,
            "min": 0.022663112455999997,
            "max": 0.022925312908,
            "count": 3
        },
        "Fighter.Policy.GAILPolicyEstimate.mean": {
            "value": 0.32886072731715565,
            "min": 0.32886072731715565,
            "max": 0.3677154995123114,
            "count": 3
        },
        "Fighter.Policy.GAILPolicyEstimate.sum": {
            "value": 15.456454183906315,
            "min": 15.456454183906315,
            "max": 16.914912977566324,
            "count": 3
        },
        "Fighter.Policy.GAILExpertEstimate.mean": {
            "value": 0.6535872352038715,
            "min": 0.6217730360078638,
            "max": 0.6535872352038715,
            "count": 3
        },
        "Fighter.Policy.GAILExpertEstimate.sum": {
            "value": 30.71860005458196,
            "min": 28.601559656361736,
            "max": 30.71860005458196,
            "count": 3
        },
        "Fighter.Losses.GAILLoss.mean": {
            "value": 0.8898919242705011,
            "min": 0.8898919242705011,
            "max": 1.014994077924369,
            "count": 3
        },
        "Fighter.Losses.GAILLoss.sum": {
            "value": 41.824920440713555,
            "min": 41.824920440713555,
            "max": 46.68972758452097,
            "count": 3
        },
        "Fighter.Policy.GAILGradMagLoss.mean": {
            "value": 0.19184083923538953,
            "min": 0.19184083923538953,
            "max": 1.6454819938356895,
            "count": 3
        },
        "Fighter.Policy.GAILGradMagLoss.sum": {
            "value": 9.016519444063308,
            "min": 9.016519444063308,
            "max": 75.69217171644172,
            "count": 3
        },
        "Fighter.Losses.PretrainingLoss.mean": {
            "value": 0.767801942842995,
            "min": 0.767801942842995,
            "max": 1.0808139066582034,
            "count": 3
        },
        "Fighter.Losses.PretrainingLoss.sum": {
            "value": 36.08669131362076,
            "min": 36.08669131362076,
            "max": 49.71743970627736,
            "count": 3
        },
        "Fighter.Environment.EpisodeLength.mean": {
            "value": 1265.6410256410256,
            "min": 1265.6410256410256,
            "max": 1392.5277777777778,
            "count": 3
        },
        "Fighter.Environment.EpisodeLength.sum": {
            "value": 98720.0,
            "min": 98720.0,
            "max": 100262.0,
            "count": 3
        },
        "Fighter.Self-play.ELO.mean": {
            "value": 1200.0,
            "min": 1200.0,
            "max": 1200.0,
            "count": 3
        },
        "Fighter.Self-play.ELO.sum": {
            "value": 46800.0,
            "min": 43200.0,
            "max": 46800.0,
            "count": 3
        },
        "Fighter.Environment.CumulativeReward.mean": {
            "value": -0.012975000910228119,
            "min": -0.04582857231809093,
            "max": -0.011763158701605311,
            "count": 3
        },
        "Fighter.Environment.CumulativeReward.sum": {
            "value": -0.5190000364091247,
            "min": -1.6040000311331823,
            "max": -0.4470000306610018,
            "count": 3
        },
        "Fighter.Policy.ExtrinsicReward.mean": {
            "value": -0.012975000910228119,
            "min": -0.04582857231809093,
            "max": -0.011763158701605311,
            "count": 3
        },
        "Fighter.Policy.ExtrinsicReward.sum": {
            "value": -0.5190000364091247,
            "min": -1.6040000311331823,
            "max": -0.4470000306610018,
            "count": 3
        },
        "Fighter.Policy.GailReward.mean": {
            "value": 60.47100268006325,
            "min": 60.47100268006325,
            "max": 73.45610292639051,
            "count": 3
        },
        "Fighter.Policy.GailReward.sum": {
            "value": 2418.84010720253,
            "min": 2418.84010720253,
            "max": 2752.196101218462,
            "count": 3
        },
        "Fighter.IsTraining.mean": {
            "value": 1.0,
            "min": 1.0,
            "max": 1.0,
            "count": 3
        },
        "Fighter.IsTraining.sum": {
            "value": 1.0,
            "min": 1.0,
            "max": 1.0,
            "count": 3
        }
    },
    "metadata": {
        "timer_format_version": "0.1.0",
        "start_time_seconds": "1650566798",
        "python_version": "3.7.9 (tags/v3.7.9:13c94747c7, Aug 17 2020, 18:58:18) [MSC v.1900 64 bit (AMD64)]",