{
    "name": "root",
    "gauges": {
        "Fighter.Policy.Entropy.mean": {
            "value": 0.5685043931007385,
            "min": 0.5049198269844055,
            "max": 0.5685043931007385,
            "count": 2
        },
        "Fighter.Policy.Entropy.sum": {
            "value": 56792.453125,
            "min": 45213.55078125,
            "max": 56792.453125,
            "count": 2
        },
        "Fighter.Step.mean": {
            "value": 299948.0,
            "min": 249999.0,
            "max": 299948.0,
            "count": 2
        },
        "Fighter.Step.sum": {
            "value": 299948.0,
            "min": 249999.0,
            "max": 299948.0,
            "count": 2
        },
        "Fighter.Policy.ExtrinsicValueEstimate.mean": {
            "value": 0.04624691605567932,
            "min": -0.07845993340015411,
            "max": 0.04624691605567932,
            "count": 2
        },
        "Fighter.Policy.ExtrinsicValueEstimate.sum": {
            "value": 36.48881530761719,
            "min": -55.23579406738281,
            "max": 36.48881530761719,
            "count": 2
        },
        "Fighter.Policy.GailValueEstimate.mean": {
            "value": -0.05869007855653763,
            "min": -0.05869007855653763,
            "max": 0.20587101578712463,
            "count": 2
        },
        "Fighter.Policy.GailValueEstimate.sum": {
            "value": -46.30647277832031,
            "min": -46.30647277832031,
            "max": 144.93319702148438,
            "count": 2
        },
        "Fighter.Losses.PolicyLoss.mean": {
            "value": 0.04512437562326617,
            "min": 0.04330754831690735,
            "max": 0.04512437562326617,
            "count": 2
        },
        "Fighter.Losses.PolicyLoss.sum": {
            "value": 2.075721278670244,
            "min": 1.7756094809932013,
            "max": 2.075721278670244,
            "count": 2
        },
        "Fighter.Losses.ValueLoss.mean": {
            "value": 0.07902996887982675,
            "min": 0.07902996887982675,
            "max": 0.13365086586436076,
            "count": 2
        },
        "Fighter.Losses.ValueLoss.sum": {
            "value": 3.63537856847203,
            "min": 3.63537856847203,
            "max": 5.479685500438791,
            "count": 2
        },
        "Fighter.Policy.LearningRate.mean": {
            "value": 0.0002835087615840378,
            "min": 0.0002835087615840378,
            "max": 0.0002863220065105522,
            "count": 2
        },
        "Fighter.Policy.LearningRate.sum": {
            "value": 0.013041403032865738,
            "min": 0.01173920226693264,
            "max": 0.013041403032865738,
            "count": 2
        },
        "Fighter.Policy.Epsilon.mean": {
            "value": 0.19450291869565223,
            "min": 0.19450291869565223,
            "max": 0.19544066731707319,
            "count": 2
        },
        "Fighter.Policy.Epsilon.sum": {
            "value": 8.947134260000002,
            "min": 8.01306736,
            "max": 8.947134260000002,
            "count": 2
        },
        "Fighter.Policy.Beta.mean": {
            "value": 0.0004730643016086957,
            "min": 0.0004730643016086957,
            "max": 0.0004776592698536585,
            "count": 2
        },
        "Fighter.Policy.Beta.sum": {
            "value": 0.021760957874000002,
            "min": 0.019584030064,
            "max": 0.021760957874000002,
            "count": 2
        },
        "Fighter.Policy.GAILPolicyEstimate.mean": {
            "value": 0.03975239116192351,
            "min": 0.03975239116192351,
            "max": 0.040879525104159015,
            "count": 2
        },
        "Fighter.Policy.GAILPolicyEstimate.sum": {
            "value": 1.8286099934484812,
            "min": 1.6760605292705197,
            "max": 1.8286099934484812,
            "count": 2
        },
        "Fighter.Policy.GAILExpertEstimate.mean": {
            "value": 0.902083908626135,
            "min": 0.872576039859919,
            "max": 0.902083908626135,
            "count": 2
        },
        "Fighter.Policy.GAILExpertEstimate.sum": {
            "value": 41.49585979680221,
            "min": 35.77561763425668,
            "max": 41.49585979680221,
            "count": 2
        },
        "Fighter.Losses.GAILLoss.mean": {
            "value": 0.1469885538318667,
            "min": 0.1469885538318667,
            "max": 0.18484979828562195,
            "count": 2
        },
        "Fighter.Losses.GAILLoss.sum": {
            "value": 6.761473476265869,
            "min": 6.761473476265869,
            "max": 7.5788417297105,
            "count": 2
        },
        "Fighter.Policy.GAILGradMagLoss.mean": {
            "value": 0.10005906996978581,
            "min": 0.10005906996978581,
            "max": 0.12602629484911637,
            "count": 2
        },
        "Fighter.Policy.GAILGradMagLoss.sum": {
            "value": 4.602717218610147,
            "min": 4.602717218610147,
            "max": 5.1670780888137715,
            "count": 2
        },
        "Fighter.Losses.PretrainingLoss.mean": {
            "value": 0.0,
            "min": 0.0,
            "max": 0.0,
            "count": 2
        },
        "Fighter.Losses.PretrainingLoss.sum": {
            "value": 0.0,
            "min": 0.0,
            "max": 0.0,
            "count": 2
        },
        "Fighter.Environment.EpisodeLength.mean": {
            "value": 1867.4642857142858,
            "min": 1867.4642857142858,
            "max": 3147.6153846153848,
            "count": 2
        },
        "Fighter.Environment.EpisodeLength.sum": {
            "value": 104578.0,
            "min": 81838.0,
            "max": 104578.0,
            "count": 2
        },
        "Fighter.Self-play.ELO.mean": {
            "value": 1200.0,
            "min": 1200.0,
            "max": 1200.0,
            "count": 2
        },
        "Fighter.Self-play.ELO.sum": {
            "value": 33600.0,
            "min": 15600.0,
            "max": 33600.0,
            "count": 2
        },
        "Fighter.Environment.CumulativeReward.mean": {
            "value": -0.9127142826910131,
            "min": -2.807384607400029,
            "max": -0.9127142826910131,
            "count": 2
        },
        "Fighter.Environment.CumulativeReward.sum": {
            "value": -25.555999915348366,
            "min": -36.495999896200374,
            "max": -25.555999915348366,
            "count": 2
        },
        "Fighter.Policy.ExtrinsicReward.mean": {
            "value": -0.9127142826910131,
            "min": -2.807384607400029,
            "max": -0.9127142826910131,
            "count": 2
        },
        "Fighter.Policy.ExtrinsicReward.sum": {
            "value": -25.555999915348366,
            "min": -36.495999896200374,
            "max": -25.555999915348366,
            "count": 2
        },
        "Fighter.Policy.GailReward.mean": {
            "value": 0.0,
            "min": 0.0,
            "max": 0.0,
            "count": 2
        },
        "Fighter.Policy.GailReward.sum": {
            "value": 0.0,
            "min": 0.0,
            "max": 0.0,
            "count": 2
        },
        "Fighter.IsTraining.mean": {
            "value": 1.0,
            "min": 1.0,
            "max": 1.0,
            "count": 2
        },
        "Fighter.IsTraining.sum": {
            "value": 1.0,
            "min": 1.0,
            "max": 1.0,
            "count": 2
        }
    },
    "metadata": {
        "timer_format_version": "0.1.0",
        "start_time_seconds": "1651321564",
        "python_version": "3.7.9 (tags/v3.7.9:13c94747c7, Aug 17 2020, 18:58:18) [MSC v.1900 64 bit (AMD64)]",
        "command_line_arguments": "C:\\Users\\Alistair\\Repos\\MainFighterGame\\PlatformFighter\\venv\\Scripts\\mlagents-learn config\\imatation_config.yaml --run-id=Fighter --resume",
        "mlagents_version": "0.29.0",