{
    "name": "root",
    "metadata": {
        "timer_format_version": "0.1.0",
        "start_time_seconds": "1649616837",
        "python_version": "3.7.9 (tags/v3.7.9:13c94747c7, Aug 17 2020, 18:58:18) [MSC v.1900 64 bit (AMD64)]",
        "command_line_arguments": "C:\\Users\\Alistair\\Repos\\MainFighterGame\\PlatformFighter\\venv\\Scripts\\mlagents-learn config\\imatation_config.yaml --run-id=Fighter --resume",
        "mlagents_version": "0.29.0",
        "mlagents_envs_version": "0.29.0",
        "communication_protocol_version": "1.5.0",
        "pytorch_version": "1.7.0+cu110",
        "numpy_version": "1.21.5",
        "end_time_seconds": "1649616847"
    },
    "total": 9.9852303,
    "count": 1,
    "self": 0.036993799999997634,
    "children": {
        "run_training.setup": {
            "total": 0.12210279999999996,
            "count": 1,
            "self": 0.12210279999999996
        },
        "TrainerController.start_learning": {
            "total": 9.826133700000002,
            "count": 1,
            "self": 0.00012160000000349669,
            "children": {
                "TrainerController._reset_env": {
                    "total": 9.4073165,
                    "count": 1,
                    "self": 6.7027003,
                    "children": {
                        "demo_to_buffer": {
                            "total": 2.7046162000000002,
                            "count": 2,
                            "self": 0.0001221000000022343,
                            "children": {
                                "load_demonstration": {
                                    "total": 0.0268708999999987,
                                    "count": 2,
                                    "self": 0.026534699999999134,
                                    "children": {
                                        "read_file": {
                                            "total": 0.0003361999999995646,
                                            "count": 2,
                                            "self": 0.0003361999999995646
                                        }
                                    }
                                },
                                "make_demo_buffer": {
                                    "total": 2.6776231999999993,
                                    "count": 2,
                                    "self": 0.4908123999998928,
                                    "children": {
                                        "steps_from_proto": {
                                            "total": 2.1868108000001065,
                                            "count": 11876,
                                            "self": 1.6043993999999646,
                                            "children": {
                                                "_process_rank_one_or_two_observation": {
                                                    "total": 0.5824114000001419,
                                                    "count": 23752,
                                                    "self": 0.5824114000001419
                                                }
                                            }
                                        }
                                    }
                                }
                            }
                        }
                    }
                },
                "trainer_threads": {
                    "total": 9.999999992515995e-07,
                    "count": 1,
                    "self": 9.999999992515995e-07
                },
                "TrainerController._save_models": {
                    "total": 0.4186945999999985,
                    "count": 1,
                    "self": 0.008229999999999293,
                    "children": {
                        "RLTrainer._checkpoint": {
                            "total": 0.4104645999999992,
                            "count": 1,
                            "self": 0.4104645999999992
                        }
                    }
                }
            }
        }
    }
}