{
    "name": "root",
    "metadata": {
        "timer_format_version": "0.1.0",
        "start_time_seconds": "1649091073",
        "python_version": "3.8.10 (tags/v3.8.10:3d8993a, May  3 2021, 11:48:03) [MSC v.1928 64 bit (AMD64)]",
        "command_line_arguments": "C:\\Users\\perry\\Documents\\HackerManStuff\\Repos\\RacingGame\\RacingGame\\venv\\Scripts\\mlagents-learn config/Fighter_config.yaml --run-id=Fighter --force",
        "mlagents_version": "0.28.0",
        "mlagents_envs_version": "0.28.0",
        "communication_protocol_version": "1.5.0",
        "pytorch_version": "1.7.1+cu110",
        "numpy_version": "1.22.2",
        "end_time_seconds": "1649091235"
    },
    "total": 161.49495230000002,
    "count": 1,
    "self": 0.012365600000038057,
    "children": {
        "run_training.setup": {
            "total": 0.24708780000000008,
            "count": 1,
            "self": 0.24708780000000008
        },
        "TrainerController.start_learning": {
            "total": 161.23549889999998,
            "count": 1,
            "self": 0.22558200000042916,
            "children": {
                "TrainerController._reset_env": {
                    "total": 5.4987658,
                    "count": 1,
                    "self": 5.4987658
                },
                "TrainerController.advance": {
                    "total": 155.18483119999956,
                    "count": 6834,
                    "self": 0.22427469999959726,
                    "children": {
                        "env_step": {
                            "total": 152.82191670000026,
                            "count": 6834,
                            "self": 124.12276310000033,
                            "children": {
                                "SubprocessEnvManager._take_step": {
                                    "total": 28.549644599999986,
                                    "count": 6834,
                                    "self": 1.282288499999737,
                                    "children": {
                                        "TorchPolicy.evaluate": {
                                            "total": 27.26735610000025,
                                            "count": 13668,
                                            "self": 5.681496699999798,
                                            "children": {
                                                "TorchPolicy.sample_actions": {
                                                    "total": 21.58585940000045,
                                                    "count": 13668,
                                                    "self": 21.58585940000045
                                                }
                                            }
                                        }
                                    }
                                },
                                "workers": {
                                    "total": 0.14950899999994505,
                                    "count": 6833,
                                    "self": 0.0,
                                    "children": {
                                        "worker_root": {
                                            "total": 92.63484350000012,
                                            "count": 6833,
                                            "is_parallel": true,
                                            "self": 44.094617500000076,
                                            "children": {
                                                "steps_from_proto": {
                                                    "total": 0.0017389000000003207,
                                                    "count": 2,
                                                    "is_parallel": true,
                                                    "self": 0.0010326000000002722,
                                                    "children": {
                                                        "_process_rank_one_or_two_observation": {
                                                            "total": 0.0007063000000000486,
                                                            "count": 4,
                                                            "is_parallel": true,
                                                            "self": 0.0007063000000000486
                                                        }
                                                    }
                                                },
                                                "UnityEnvironment.step": {
                                                    "total": 48.53848710000004,
                                                    "count": 6833,
                                                    "is_parallel": true,
                                                    "self": 1.1711582000000078,
                                                    "children": {
                                                        "UnityEnvironment._generate_step_input": {
                                                            "total": 1.0166232999998197,
                                                            "count": 6833,
                                                            "is_parallel": true,
                                                            "self": 1.0166232999998197
                                                        },
                                                        "communicator.exchange": {
                                                            "total": 41.04033010000032,
                                                            "count": 6833,
                                                            "is_parallel": true,
                                                            "self": 41.04033010000032
                                                        },
                                                        "steps_from_proto": {
                                                            "total": 5.310375499999893,
                                                            "count": 13666,
                                                            "is_parallel": true,
                                                            "self": 3.717740799999726,
                                                            "children": {
                                                                "_process_rank_one_or_two_observation": {
                                                                    "total": 1.5926347000001666,
                                                                    "count": 27332,
                                                                    "is_parallel": true,
                                                                    "self": 1.5926347000001666
                                                                }
                                                            }
                                                        }
                                                    }
                                                }
                                            }
                                        }
                                    }
                                }
                            }
                        },
                        "trainer_advance": {
                            "total": 2.1386397999997175,
                            "count": 6833,
                            "self": 0.5688995999999573,
                            "children": {
                                "process_trajectory": {
                                    "total": 1.5697401999997602,
                                    "count": 6833,